estudio;temporada;ano;mes;dia;unidad_de_muestreo;hora_inicio;hora_fin;scientific_name;ind
relap;verano;2025;marzo;22;T11;06:30;07:55;Xema sabini;200
relap;verano;2025;marzo;22;T11;06:30;07:55;Ardenna creatopus;7
relap;verano;2025;marzo;22;T11;06:30;07:55;Stercorarius pomarinus;3
relap;verano;2025;marzo;22;T11;06:30;07:55;Oceanites;34
relap;verano;2025;marzo;22;T11;06:30;07:55;Ardenna grisea;2
relap;verano;2025;marzo;25;T3;07:00;08:40;Ardenna grisea;12
relap;verano;2025;marzo;25;T3;07:00;08:40;Phoebastria irrorata;1
relap;verano;2025;marzo;25;T3;07:00;08:40;Pelecanus thagus;23
relap;verano;2025;marzo;25;T3;07:00;08:40;Stercorarius pomarinus;1
relap;verano;2025;marzo;25;T3;07:00;08:40;Ardenna grisea;5
relap;verano;2025;marzo;25;T3;07:00;08:40;Larosterna inca;1
relap;verano;2025;marzo;25;T3;07:00;08:40;Stercorarius pomarinus;45
relap;verano;2025;marzo;25;T3;07:00;08:40;Ardenna creatopus;1
relap;verano;2025;marzo;25;T3;07:00;08:40;Leucophaeus pipixcan;41
relap;verano;2025;marzo;25;T3;07:00;08:40;Pelecanus thagus;6
relap;verano;2025;marzo;25;T3;07:00;08:40;Leucophaeus pipixcan;13
relap;verano;2025;marzo;25;T3;07:00;08:40;Ardenna grisea;5
relap;verano;2025;marzo;25;T3;07:00;08:40;Ardenna creatopus;6
relap;verano;2025;marzo;25;T3;07:00;08:40;Pelecanus thagus;13
relap;verano;2025;marzo;25;T3;07:00;08:40;Larosterna inca;2
relap;verano;2025;marzo;25;T3;07:00;08:40;Stercorarius pomarinus;1
relap;verano;2025;marzo;25;T3;07:00;08:40;Leucophaeus pipixcan;23
relap;verano;2025;marzo;25;T3;07:00;08:40;Ardenna grisea;2
relap;verano;2025;marzo;25;T3;07:00;08:40;Ardenna creatopus;1
relap;verano;2025;marzo;25;T3;07:00;08:40;Pelecanus thagus;24
relap;verano;2025;marzo;25;T4;08:49;10:32;Larosterna inca;3
relap;verano;2025;marzo;25;T4;08:49;10:32;Leucophaeus pipixcan;33
relap;verano;2025;marzo;25;T4;08:49;10:32;Spheniscus humboldti;1
