"estudio","temporada","ano","mes","dia","unidad_de_muestreo","hora_inicio","hora_fin","order_name","family_name","scientific_name","english_name","spanish_name.x","ind","status","iucn_category","cites_listing","cms_presence","spanish_name.y","category_minagri"
"relap","verano",2025,"marzo",22,"T11","06:30","07:55","Charadriiformes","Laridae","Xema sabini","Sabine’s Gull","Gaviota de Sabine",200,"Migratorio","LC",NA,"Listed",NA,NA
"relap","verano",2025,"marzo",22,"T11","06:30","07:55","Procellariiformes","Procellariidae","Ardenna creatopus","Pink-footed Shearwater","Pardela de Pata Rosada",7,"Migratorio","VU",NA,"Listed",NA,NA
"relap","verano",2025,"marzo",22,"T11","06:30","07:55","Charadriiformes","Stercorariidae","Stercorarius pomarinus","Pomarine Jaeger","Salteador Pomarino",3,"Migratorio","LC",NA,NA,NA,NA
"relap","verano",2025,"marzo",22,"T11","06:30","07:55",NA,NA,"Oceanites",NA,NA,34,NA,NA,NA,NA,NA,NA
"relap","verano",2025,"marzo",22,"T11","06:30","07:55","Procellariiformes","Procellariidae","Ardenna grisea","Sooty Shearwater","Pardela Oscura",2,"Migratorio","NT",NA,NA,NA,NA
"relap","verano",2025,"marzo",25,"T3","07:00","08:40","Procellariiformes","Procellariidae","Ardenna grisea","Sooty Shearwater","Pardela Oscura",12,"Migratorio","NT",NA,NA,NA,NA
"relap","verano",2025,"marzo",25,"T3","07:00","08:40","Procellariiformes","Diomedeidae","Phoebastria irrorata","Waved Albatross","Albatros de las Galápagos",1,"Migratorio","CR",NA,"Listed","albatros de las Galapagos","CR"
"relap","verano",2025,"marzo",25,"T3","07:00","08:40","Pelecaniformes","Pelecanidae","Pelecanus thagus","Peruvian Pelican","Pelícano Peruano",23,"Residente","NT",NA,"Listed","pelicano Peruano","EN"
"relap","verano",2025,"marzo",25,"T3","07:00","08:40","Charadriiformes","Stercorariidae","Stercorarius pomarinus","Pomarine Jaeger","Salteador Pomarino",1,"Migratorio","LC",NA,NA,NA,NA
"relap","verano",2025,"marzo",25,"T3","07:00","08:40","Procellariiformes","Procellariidae","Ardenna grisea","Sooty Shearwater","Pardela Oscura",5,"Migratorio","NT",NA,NA,NA,NA
"relap","verano",2025,"marzo",25,"T3","07:00","08:40","Charadriiformes","Laridae","Larosterna inca","Inca Tern","Gaviotín Zarcillo",1,"Residente","NT",NA,NA,NA,NA
"relap","verano",2025,"marzo",25,"T3","07:00","08:40","Charadriiformes","Stercorariidae","Stercorarius pomarinus","Pomarine Jaeger","Salteador Pomarino",45,"Migratorio","LC",NA,NA,NA,NA
"relap","verano",2025,"marzo",25,"T3","07:00","08:40","Procellariiformes","Procellariidae","Ardenna creatopus","Pink-footed Shearwater","Pardela de Pata Rosada",1,"Migratorio","VU",NA,"Listed",NA,NA
"relap","verano",2025,"marzo",25,"T3","07:00","08:40","Charadriiformes","Laridae","Leucophaeus pipixcan","Franklin’s Gull","Gaviota de Franklin",41,"Migratorio",NA,NA,NA,NA,NA
"relap","verano",2025,"marzo",25,"T3","07:00","08:40","Pelecaniformes","Pelecanidae","Pelecanus thagus","Peruvian Pelican","Pelícano Peruano",6,"Residente","NT",NA,"Listed","pelicano Peruano","EN"
"relap","verano",2025,"marzo",25,"T3","07:00","08:40","Charadriiformes","Laridae","Leucophaeus pipixcan","Franklin’s Gull","Gaviota de Franklin",13,"Migratorio",NA,NA,NA,NA,NA
"relap","verano",2025,"marzo",25,"T3","07:00","08:40","Procellariiformes","Procellariidae","Ardenna grisea","Sooty Shearwater","Pardela Oscura",5,"Migratorio","NT",NA,NA,NA,NA
"relap","verano",2025,"marzo",25,"T3","07:00","08:40","Procellariiformes","Procellariidae","Ardenna creatopus","Pink-footed Shearwater","Pardela de Pata Rosada",6,"Migratorio","VU",NA,"Listed",NA,NA
"relap","verano",2025,"marzo",25,"T3","07:00","08:40","Pelecaniformes","Pelecanidae","Pelecanus thagus","Peruvian Pelican","Pelícano Peruano",13,"Residente","NT",NA,"Listed","pelicano Peruano","EN"
"relap","verano",2025,"marzo",25,"T3","07:00","08:40","Charadriiformes","Laridae","Larosterna inca","Inca Tern","Gaviotín Zarcillo",2,"Residente","NT",NA,NA,NA,NA
"relap","verano",2025,"marzo",25,"T3","07:00","08:40","Charadriiformes","Stercorariidae","Stercorarius pomarinus","Pomarine Jaeger","Salteador Pomarino",1,"Migratorio","LC",NA,NA,NA,NA
"relap","verano",2025,"marzo",25,"T3","07:00","08:40","Charadriiformes","Laridae","Leucophaeus pipixcan","Franklin’s Gull","Gaviota de Franklin",23,"Migratorio",NA,NA,NA,NA,NA
"relap","verano",2025,"marzo",25,"T3","07:00","08:40","Procellariiformes","Procellariidae","Ardenna grisea","Sooty Shearwater","Pardela Oscura",2,"Migratorio","NT",NA,NA,NA,NA
"relap","verano",2025,"marzo",25,"T3","07:00","08:40","Procellariiformes","Procellariidae","Ardenna creatopus","Pink-footed Shearwater","Pardela de Pata Rosada",1,"Migratorio","VU",NA,"Listed",NA,NA
"relap","verano",2025,"marzo",25,"T3","07:00","08:40","Pelecaniformes","Pelecanidae","Pelecanus thagus","Peruvian Pelican","Pelícano Peruano",24,"Residente","NT",NA,"Listed","pelicano Peruano","EN"
"relap","verano",2025,"marzo",25,"T4","08:49","10:32","Charadriiformes","Laridae","Larosterna inca","Inca Tern","Gaviotín Zarcillo",3,"Residente","NT",NA,NA,NA,NA
"relap","verano",2025,"marzo",25,"T4","08:49","10:32","Charadriiformes","Laridae","Leucophaeus pipixcan","Franklin’s Gull","Gaviota de Franklin",33,"Migratorio",NA,NA,NA,NA,NA
"relap","verano",2025,"marzo",25,"T4","08:49","10:32","Sphenisciformes","Spheniscidae","Spheniscus humboldti","Humboldt Penguin","Pingüino de Humboldt",1,"Residente","VU","I","Listed","pinguino de Humboldt","EN"
