"ESTACIÓN.DE.MUESTREO","TIPO.DE.METODOLOGIA","GREMIO.TRÓFICO","ORDEN","FAMILIA","order_name","family_name","scientific_name","english_name","spanish_name","ind","status","NOMBRE.COMÚN","TIPO.DE.REGISTRO","TIPO.DE.USO","iucn_category","cites_listing","cms_presence","category_minagri"
"PMB-01 PC1","Punto de conteo","Frugívoro","Passeriformes","Thraupidae","Passeridae","Thraupidae","Ramphocelus carbo","Silver-beaked Tanager","Tangara de Pico Plateado",3,"Residente","Tangara de Pico Plateado","Observado","….","LC",NA,NA,NA
"PMB-01 PC1","Punto de conteo","Frugívoro","Passeriformes","Thraupidae","Passeridae","Thraupidae","Thraupis palmarum","Palm Tanager","Tangara de Palmeras",2,"Residente","Tangara de Palmeras","Observado","….",NA,NA,NA,NA
"PMB-01 PC1","Punto de conteo","Carroñero","Cathartiformes","Cathartidae",NA,NA,"gerardo sp",NA,NA,1,NA,"Gallinazo de Cabeza Negra","Observado","….",NA,NA,NA,NA
"PMB-01 PC1","Punto de conteo","Insectívoro","Passeriformes","Icteridae",NA,NA,"",NA,NA,3,NA,"","Observado","….",NA,NA,NA,NA
